idPhoto;urlPhoto;descriptionPhoto;alt;titre
;/images/photo_importees/confiture_pomme_caramel.webp;;Confiture pomme caramel 500g;Confiture pomme caramel 500g
;/images/photo_importees/confiture_poire_chocolat.webp;;Confiture poire chocolat 500g;Confiture poire chocolat 500g
;/images/photo_importees/confiture_banane_caramel_rhum.webp;;Confiture banane caramel au rhum 500g;Confiture banane caramel au rhum 500g
;/images/photo_importees/confiture_orange_whisky.webp;;Confiture orange whisky 500g;Confiture orange whisky 500g
;/images/photo_importees/confit_de_cidre.webp;;Confiture confit de cidre 500g;Confiture confit de cidre 500g
;/images/photo_importees/confiture_fraise_plougastel_miel.webp;;Confiture fraise au miel 500g;Confiture fraise au miel 500g
;/images/photo_importees/confiture_mure.webp;;Confiture mûre 500g;Confiture mûre 500g
;/images/photo_importees/confiture_fruits_rouges.webp;;Confiture fruits rouges 500g;Confiture fruits rouges 500g
;/images/photo_importees/confiture_peche.webp;;Confiture pêche 500g;Confiture pêche 500g
;/images/photo_importees/confiture_kiwis.webp;;Confiture kiwi 500g;Confiture kiwi 500g
;/images/photo_importees/caramel_beurre_sale_rhum_tartiner.webp;;Pâte a tartiner caramel beurre salé au rhum 500g;Pâte a tartiner caramel beurre salé au rhum 500g
;/images/photo_importees/pate_a_tartiner_lait_noisette_beurre_sale.webp;;Confiture de lait : noisette beurre salé 500g;Confiture de lait : noisette beurre salé 500g
;/images/photo_importees/confiture_de_lait.webp;;Confiture de lait 500g;Confiture de lait 500g
;/images/photo_importees/beurre_sale.webp;;Beurre salé 100g;Beurre salé 100g
;/images/photo_importees/beurre_sale.webp;;Beurre salé 250g;Beurre salé 250g
;/images/photo_importees/beurre_sale.webp;;Beurre salé 500g;Beurre salé 500g
;/images/photo_importees/beurre_sale.webp;;Beurre salé 1000g;Beurre salé 1000g
;/images/photo_importees/cidre_breton_doux.webp;;Cidre breton doux 75cl;Cidre breton doux 75cl
;/images/photo_importees/cidre_breton_brut.webp;;Cidre breton brut 75cl;Cidre breton brut 75cl
;/images/photo_importees/cidre_rose_breton.webp;;Cidre breton rosé 75cl;Cidre breton rosé 75cl
;/images/photo_importees/biere_blanche_bretonne.webp;;Bière bretonne blanche 75cl;Bière bretonne blanche 75cl
;/images/photo_importees/biere_blonde_bretonne.webp;;Bière bretonne blonde 75cl;Bière bretonne blonde 75cl
;/images/photo_importees/biere_rousse_bretonne.webp;;Bière bretonne rousse 75cl;Bière bretonne rousse 75cl
;/images/photo_importees/biere_brune_bretonne.webp;;Bière bretonne brune 75cl;Bière bretonne brune 75cl
;/images/photo_importees/biere_ble_noir_bretonne.webp;;Bière bretonne blé noir 75cl;Bière bretonne blé noir 75cl
;/images/photo_importees/palet_breton.webp;;Palet breton 800g;Palet breton 800g
;/images/photo_importees/chouchen.webp;;Chouchen 75cl;Chouchen 75cl
;/images/photo_importees/gateau_breton_nature.webp;;Gâteaux breton nature 350g;Gâteaux breton nature 350g
;/images/photo_importees/gateau_breton_caramel.webp;;Gâteaux breton caramel 350g;Gâteaux breton caramel 350g
;/images/photo_importees/gateau_breton_framboise.webp;;Gâteaux breton framboise 350g;Gâteaux breton framboise 350g
;/images/photo_importees/caramel_beurre_sale.webp;;Bonbon caramel beurre salé 300g;Bonbon caramel beurre salé 300g
;/images/photo_importees/pastis_breton.webp;;Pastis breton 75cl;Pastis breton 75cl
;/images/photo_importees/madeleine_saint_michel.webp;;Madeleine 1000g;Madeleine 1000g
;/images/photo_importees/crepes_paysan_breton.webp;;Crêpe 12pc;Crêpe 12pc
;/images/photo_importees/pate_campagne.webp;;Pâté de campagne 180g;Pâté de campagne 180g
;/images/photo_importees/pate_porc.webp;;Pâté de porc 180g;Pâté de porc 180g
;/images/photo_importees/pate_aux_algues.webp;;Pâté aux algues 180g;Pâté aux algues 180g
;/images/photo_importees/kouign_amann.webp;;Kouign-amann 350g;Kouign-amann 350g
;/images/photo_importees/creme_fouette_nature.webp;;Fromage fouetté nature au sel de Guérande 300g;Fromage fouetté nature au sel de Guérande 300g
;/images/photo_importees/creme_fouette_ail_fines_herbes.webp;;Fromage fouetté ail et fines herbes 300g;Fromage fouetté ail et fines herbes 300g
;/images/photo_importees/creme_fouette_figue_noix.webp;;Fromage fouetté figue noix 300g;Fromage fouetté figue noix 300g
;/images/photo_importees/creme_fouette_echalote_ciboulette.webp;;Fromage fouetté échalote ciboulette 300g;Fromage fouetté échalote ciboulette 300g
;/images/photo_importees/creme_fouette_poivre.webp;;Fromage fouetté poivre 300g;Fromage fouetté poivre 300g
;/images/photo_importees/galette_bretonne.webp;;Galette 150g;Galette 150g
;/images/photo_importees/the_vert.webp;;Thé vert 100g;Thé vert 100g
;/images/photo_importees/the_noir.webp;;Thé noir 100g;Thé noir 100g
;/images/photo_importees/tisane_caramel.webp;;Tisane caramel 100g;Tisane caramel 100g
;/images/photo_importees/tisane_fruits_rouges.webp;;Tisane fruits rouges 100g;Tisane fruits rouges 100g
;/images/photo_importees/tisane_menthe_reglisse.webp;;Tisane réglisse menthe 100g;Tisane réglisse menthe 100g
;/images/photo_importees/cire_jaune.webp;;Ciré jaune;Ciré jaune
;/images/photo_importees/cire_bleu.webp;;Ciré bleu;Ciré bleu
;/images/photo_importees/cire_rouge.webp;;Ciré rouge;Ciré rouge
;/images/photo_importees/cire_gris.webp;;Ciré gris;Ciré gris
;/images/photo_importees/bottes_jaunes.webp;;Bottes jaune;Bottes jaune
;/images/photo_importees/bottes_bleues.webp;;Bottes bleu;Bottes bleu
;/images/photo_importees/echarpe_raye_bleu_blanc.webp;;Echarpe rayé bleu-blanc;Echarpe rayé bleu-blanc
;/images/photo_importees/echarpe_triskel.webp;;Echarpe motif triskel;Echarpe motif triskel
;/images/photo_importees/bonnet_bleu.webp;;Bonnet bleu;Bonnet bleu
;/images/photo_importees/bonnet_breton.webp;;Bonnet motif drapeau breton;Bonnet motif drapeau breton
;/images/photo_importees/bonnet_triskel.webp;;Bonnet motif triskel;Bonnet motif triskel
;/images/photo_importees/pull_drapeau_breton.webp;;Pull motif drapeau breton;Pull motif drapeau breton
;/images/photo_importees/pull_raye_noir_blanc.webp;;Pull rayé noir-blanc;Pull rayé noir-blanc
;/images/photo_importees/pull_raye_bleu_blanc.webp;;Pull rayé bleu-blanc;Pull rayé bleu-blanc
;/images/photo_importees/tshirt_triskel.webp;;Tee-shirt motif triskel;Tee-shirt motif triskel
;/images/photo_importees/tshirt_drapeau_breton.webp;;Tee-shirt motif drapeau breton;Tee-shirt motif drapeau breton
;/images/photo_importees/tshirt_raye_bleu_blanc.webp;;Tee-shirt rayé bleu-blanc;Tee-shirt rayé bleu-blanc
;/images/photo_importees/tshirt_vert_blanc.webp;;Tee-shirt vert blanc;Tee-shirt vert blanc
;/images/photo_importees/bol_prenom.webp;;Bol prénom;Bol prénom
;/images/photo_importees/bol_decore.webp;;Bol décoré;Bol décoré
;/images/photo_importees/sculpture_triskel.webp;;Sculpture triskel;Sculpture triskel
;/images/photo_importees/sculpture_bateau.webp;;Sculpture bateau;Sculpture bateau
;/images/photo_importees/sculpture_hermine.webp;;Sculpture hermine;Sculpture hermine
;/images/photo_importees/statuette_menhir.webp;;Menhir mini;Menhir mini
;/images/photo_importees/statuette_menhir.webp;;Menhir moyen;Menhir moyen
;/images/photo_importees/statuette_phare.webp;;Phare min;Phare min
;/images/photo_importees/statuette_phare.webp;;Phare moyen;Phare moyen
;/images/photo_importees/drapeau_breton.webp;;Gwenn ha du mini;Gwenn ha du mini
;/images/photo_importees/drapeau_breton.webp;;Gwenn ha du moyen;Gwenn ha du moyen
;/images/photo_importees/drapeau_breton.webp;;Gwenn ha du grand;Gwenn ha du grand
;/images/photo_importees/drapeau_breton.webp;;Gwenn ha du très grand;Gwenn ha du très grand
;/images/photo_importees/carte_postale_bretagne.webp;;Carte postal paysage breton;Carte postal paysage breton
;/images/photo_importees/carte_postale_drapeau_breton.webp;;Carte postal drapeau breton;Carte postal drapeau breton
;/images/photo_importees/porte_clef_hermine.webp;;Porte clés hermine;Porte clés hermine
;/images/photo_importees/porte_clef_triskel.webp;;Porte clés triskel;Porte clés triskel
;/images/photo_importees/magnet_hermine.webp;;Magnet hermine;Magnet hermine
;/images/photo_importees/magnet_paysage_breton.webp;;Magnet paysage breton;Magnet paysage breton
;/images/photo_importees/magnet_carte_bretagne.webp;;Magnet drapeau breton;Magnet drapeau breton
;/images/photo_importees/magnet_drapeau_breton.webp;;Magnet carte bretonne;Magnet carte bretonne
;/images/photo_importees/crayon_breton.webp;;Crayon Bretagne;Crayon Bretagne
;/images/photo_importees/tasse_triskel.webp;;Mug triskel;Mug triskel
;/images/photo_importees/tasse_hermine.webp;;Mug hermine;Mug hermine
;/images/photo_importees/tasse_drapeau_breton.webp;;Mug drapeau breton;Mug drapeau breton
;/images/photo_importees/carte_bretagne.webp;;Carte Bretagne;Carte Bretagne
;/images/photo_importees/carte_lannion.webp;;Carte Lannion;Carte Lannion
;/images/photo_importees/carte_vannes.webp;;Carte Vannes;Carte Vannes
;/images/photo_importees/carte_brest.webp;;Carte Brest;Carte Brest
;/images/photo_importees/carte_lorient.webp;;Carte Lorient;Carte Lorient
;/images/photo_importees/tote_bag_triskel.webp;;Tote bag triskel;Tote bag triskel
;/images/photo_importees/tote_bag_drapeau_breton.webp;;Tote bag drapeau breton;Tote bag drapeau breton
;/images/photo_importees/plaque_bretonne_29.webp;;Plaque bretonne 29;plaque bretonne 29
;/images/photo_importees/plaque_bretonne_22.webp;;Plaque bretonne 22;plaque bretonne 22
;/images/photo_importees/plaque_bretonne_56.webp;;Plaque bretonne 56;plaque bretonne 56
;/images/photo_importees/plaque_bretonne_35.webp;;Plaque bretonne 35;Plaque bretonne 35
;/images/photo_importees/peluche_hermine.webp;;Peluche hermine;Peluche hermine
;/images/photo_importees/pins_drapeau_breton.webp;;Pin’s drapeau breton;Pin’s drapeau breton
;/images/photo_importees/pins_triskel.webp;;Pin’s triskel;Pin’s triskel
;/images/photo_importees/pins_hermine.webp;;Pins hermine;Pins hermine
;/images/photo_importees/gel_douche_kouign_amann.webp;;Gel douche odeur kouign-amann;Gel douche odeur kouign-amann
;/images/photo_importees/creme_bain_algues.webp;;Crème de bain aux algues;Crème de bain aux algues
;/images/photo_importees/beurre_hydratant.webp;;Beurre hydratant corps & visages;Beurre hydratant corps & visages
;/images/photo_importees/creme_mains_chanvre_safran.webp;;Crème main au chanvre et safran de Bretagne;Crème main au chanvre et safran de Bretagne
;/images/photo_importees/gommage_thalasso_sel_guerande_algues.webp;;Gommage corps thalasso au sel de Guérande et algues;Gommage corps thalasso au sel de Guérande et algues
;/images/photo_importees/serum_visage_cbd_acide_hyaluronique.webp;;Sérum visage à l’acide hyaluronique et CBD;Sérum visage à l’acide hyaluronique et CBD
;/images/photo_importees/gommage_visage_rose.webp;;Gommage visage à la rose de Bretagne;Gommage visage à la rose de Bretagne
