contenu_reponse;id_compte;id_avis
Nous prenons note de votre remarque et allons améliorer la fiche produit. Si vous souhaitez un échange ou un remboursement, notre service client est à votre disposition.;4;1
Votre commentaire nous a fait sourire toute la journée. Merci ! N'hésitez pas à revenir nous voir. 🎉;4;2
Merci pour votre honnêteté. Votre avis nous aide à progresser. N'hésitez pas à contacter notre service client si vous souhaitez un retour.;4;3
C'est grâce à des retours comme le vôtre que nous continuons à améliorer nos produits. Merci et à très vite !;4;4
Votre satisfaction est notre priorité. Nous sommes désolés que le produit n'ait pas répondu à vos attentes et restons à votre disposition.;4;5
Merci pour ce retour enthousiaste ! Nous sommes vraiment heureux que le produit dépasse vos attentes. À bientôt ! 🌟;4;6
Nous sommes désolés que le produit ne corresponde pas tout à fait à vos attentes. N'hésitez pas à nous contacter pour que nous puissions trouver une solution ensemble.;4;7
Merci pour ce beau retour ! Nous mettons tout en œuvre pour offrir le meilleur rapport qualité-prix possible. À bientôt !;4;8
Merci pour votre honnêteté. Nous nous engageons à améliorer la qualité de ce produit. Votre feedback est précieux.;4;9
Nous prenons votre retour très au sérieux et nous excusons pour cette expérience décevante. Nous sommes là pour arranger les choses.;4;10
Merci beaucoup pour ce retour enthousiaste ! C'est exactement ce que nous visons : vous rendre totalement satisfait. À bientôt !;4;11
Nous sommes désolés que le produit ne corresponde pas tout à fait à vos attentes. N'hésitez pas à nous contacter pour que nous puissions trouver une solution ensemble.;4;12
Nous prenons note de votre remarque et allons améliorer la fiche produit. Si vous souhaitez un échange ou un remboursement, notre service client est à votre disposition.;4;13
Haha, on adore votre mystère ! Tant que vous l'aimez, c'est l'essentiel. Merci pour ce retour original. 😄;4;14
Nous sommes sincèrement désolés de votre déception. N'hésitez pas à nous contacter afin que nous puissions vous proposer une solution adaptée.;4;15
Peu importe ce que c'est, l'important c'est que ça vous plaise ! Merci pour votre avis très sympathique. 😊;4;16
Nous sommes navrés. Si vous le souhaitez, contactez-nous et nous ferons tout notre possible pour rectifier la situation.;4;17
Votre avis nous a bien fait rire ! L'essentiel étant votre satisfaction, nous sommes ravis. À bientôt !;4;18
Nous sommes sincèrement désolés de votre déception. N'hésitez pas à nous contacter afin que nous puissions vous proposer une solution adaptée.;4;19
Nous sommes sincèrement désolés de votre déception. N'hésitez pas à nous contacter afin que nous puissions vous proposer une solution adaptée.;4;20
C'est un plaisir de lire votre avis. Nous nous efforçons de maintenir cette qualité. Merci pour votre confiance !;4;21
Merci pour votre retour. Nous comprenons votre frustration et souhaitons y remédier. Notre équipe est disponible pour vous aider.;4;22
Votre message nous a beaucoup amusés ! Merci pour votre enthousiasme, c'est très motivant pour nous.;4;23
Nous prenons note de votre avis. Votre retour nous aide à identifier les axes d'amélioration. N'hésitez pas à nous contacter.;4;24
Merci pour votre honnêteté. Votre avis nous aide à progresser. N'hésitez pas à contacter notre service client si vous souhaitez un retour.;4;25
Votre avis nous a bien fait rire ! L'essentiel étant votre satisfaction, nous sommes ravis. À bientôt !;4;26
Merci pour votre retour. Nous allons revoir la description de ce produit afin qu'elle reflète mieux la réalité. Votre satisfaction est notre priorité.;4;27
Peu importe ce que c'est, l'important c'est que ça vous plaise ! Merci pour votre avis très sympathique. 😊;4;28
Nous comprenons votre ressenti et allons transmettre votre remarque à notre équipe qualité. Merci de nous faire confiance.;4;29
Nous sommes ravis que ce produit soit devenu un incontournable pour vous ! Votre fidélité nous touche vraiment. 😊;4;30
Haha, on adore votre enthousiasme ! Merci pour ce retour fantastique, c'est très motivant pour toute notre équipe.;4;31
Votre recommandation nous touche beaucoup. Merci et bienvenue de nouveau sur notre boutique quand vous le souhaitez !;4;32
Votre recommandation nous touche beaucoup. Merci et bienvenue de nouveau sur notre boutique quand vous le souhaitez !;4;33
Haha, on adore votre enthousiasme ! Merci pour ce retour fantastique, c'est très motivant pour toute notre équipe.;4;34
Votre satisfaction est notre priorité. Nous sommes désolés que le produit n'ait pas répondu à vos attentes et restons à votre disposition.;4;35
C'est un vrai bonheur de lire votre avis ! Merci pour votre confiance et votre enthousiasme.;4;36
Votre retour nous comble de bonheur ! Merci de partager votre expérience, c'est très précieux pour nous.;4;37
On vous encourage vraiment à revenir ! Merci pour ce commentaire qui nous fait sourire. Notre stock vous attend. 😊;4;38
On vous encourage vraiment à revenir ! Merci pour ce commentaire qui nous fait sourire. Notre stock vous attend. 😊;4;39
Nous sommes navrés de ce malentendu. Nous travaillons à rendre nos descriptions plus précises. Merci de nous avoir signalé ce point.;19;40
Votre recommandation nous touche beaucoup. Merci et bienvenue de nouveau sur notre boutique quand vous le souhaitez !;19;41
Ravi que vous soyez satisfait ! Votre avis nous encourage à maintenir ce niveau d'exigence. Merci !;19;42
Ravi que vous soyez satisfait ! Votre avis nous encourage à maintenir ce niveau d'exigence. Merci !;19;43
Nous comprenons votre ressenti et allons transmettre votre remarque à notre équipe qualité. Merci de nous faire confiance.;19;44
Merci infiniment ! Votre retour nous motive à continuer sur cette lancée. À bientôt ! 🌟;19;45
Merci pour votre retour constructif. Nous travaillons continuellement à améliorer nos produits et tiendrons compte de votre remarque.;19;46
Haha, on a hâte d'accueillir votre chat comme client ! Merci pour ce message qui égaye notre journée. 🐾;19;47
Nous prenons votre remarque en compte et nous excusons pour cet écart avec vos attentes. Contactez-nous, nous ferons mieux.;19;48
C'est un vrai bonheur de lire votre avis ! Merci pour votre confiance et votre enthousiasme.;19;49
Ravi que vous soyez satisfait ! Votre avis nous encourage à maintenir ce niveau d'exigence. Merci !;19;50
Nous sommes désolés que le produit ne vous ait pas satisfait. Pourriez-vous nous préciser ce qui vous a déçu ? Nous ferons le nécessaire.;19;51
Nous prenons votre retour très au sérieux et nous excusons pour cette expérience décevante. Nous sommes là pour arranger les choses.;9;52
Merci pour ce retour enthousiaste ! Nous sommes vraiment heureux que le produit dépasse vos attentes. À bientôt ! 🌟;9;53
Nous sommes désolés que le produit ne corresponde pas tout à fait à vos attentes. N'hésitez pas à nous contacter pour que nous puissions trouver une solution ensemble.;9;54
Quel plaisir de lire votre avis ! Merci pour votre confiance, nous espérons vous retrouver très prochainement.;9;55
Nous sommes désolés que le produit ne corresponde pas tout à fait à vos attentes. N'hésitez pas à nous contacter pour que nous puissions trouver une solution ensemble.;9;56
Nous sommes désolés que le produit ne vous ait pas satisfait. Pourriez-vous nous préciser ce qui vous a déçu ? Nous ferons le nécessaire.;9;57
Merci pour votre retour. Nous allons revoir la description de ce produit afin qu'elle reflète mieux la réalité. Votre satisfaction est notre priorité.;9;58
C'est un vrai bonheur de lire votre avis ! Merci pour votre confiance et votre enthousiasme.;9;59
Merci pour votre honnêteté. Nous nous engageons à améliorer la qualité de ce produit. Votre feedback est précieux.;9;60
On est officiellement en train de fonder ce fan-club avec vous ! Merci pour votre soutien, ça compte énormément.;9;61
Nous sommes navrés de ce malentendu. Nous travaillons à rendre nos descriptions plus précises. Merci de nous avoir signalé ce point.;9;62
La prochaine fois, on vous fait une réduction sur le lot de dix ! Merci pour ce retour adorable. 🎉;9;63
La prochaine fois, on vous fait une réduction sur le lot de dix ! Merci pour ce retour adorable. 🎉;9;64
Nous comprenons votre ressenti et allons transmettre votre remarque à notre équipe qualité. Merci de nous faire confiance.;9;65
Haha, on adore votre mystère ! Tant que vous l'aimez, c'est l'essentiel. Merci pour ce retour original. 😄;9;66
Nous prenons note de votre remarque et allons améliorer la fiche produit. Si vous souhaitez un échange ou un remboursement, notre service client est à votre disposition.;9;67
Nous sommes navrés de ce malentendu. Nous travaillons à rendre nos descriptions plus précises. Merci de nous avoir signalé ce point.;9;68
C'est grâce à des retours comme le vôtre que nous continuons à améliorer nos produits. Merci et à très vite !;9;69
On vous encourage vraiment à revenir ! Merci pour ce commentaire qui nous fait sourire. Notre stock vous attend. 😊;9;70
C'est un plaisir de lire votre avis. Nous nous efforçons de maintenir cette qualité. Merci pour votre confiance !;9;71
Votre satisfaction est notre priorité. Nous sommes désolés que le produit n'ait pas répondu à vos attentes et restons à votre disposition.;9;72
Nous prenons votre remarque en compte et nous excusons pour cet écart avec vos attentes. Contactez-nous, nous ferons mieux.;9;73
Nous comprenons votre ressenti et allons transmettre votre remarque à notre équipe qualité. Merci de nous faire confiance.;9;74
Haha, on a hâte d'accueillir votre chat comme client ! Merci pour ce message qui égaye notre journée. 🐾;9;75
Merci pour votre honnêteté. Votre avis nous aide à progresser. N'hésitez pas à contacter notre service client si vous souhaitez un retour.;4;76
Votre chat a très bon goût ! Merci pour ce retour délicieux qui nous a beaucoup fait sourire. 😄🐱;4;77
Nous sommes navrés de ce malentendu. Nous travaillons à rendre nos descriptions plus précises. Merci de nous avoir signalé ce point.;4;78
Nous sommes désolés que le produit ne corresponde pas tout à fait à vos attentes. N'hésitez pas à nous contacter pour que nous puissions trouver une solution ensemble.;9;79
Haha, on a hâte d'accueillir votre chat comme client ! Merci pour ce message qui égaye notre journée. 🐾;9;80
Merci pour votre retour. Nous allons revoir la description de ce produit afin qu'elle reflète mieux la réalité. Votre satisfaction est notre priorité.;9;81
Votre commentaire nous a fait sourire toute la journée. Merci ! N'hésitez pas à revenir nous voir. 🎉;6;82
La prochaine fois, on vous fait une réduction sur le lot de dix ! Merci pour ce retour adorable. 🎉;6;83
Un client satisfait et un chat conquis, c'est la meilleure des critiques ! Merci pour votre humour. 😄;6;84
Merci pour votre honnêteté. Nous nous engageons à améliorer la qualité de ce produit. Votre feedback est précieux.;6;85
On vous encourage vraiment à revenir ! Merci pour ce commentaire qui nous fait sourire. Notre stock vous attend. 😊;6;86
Merci pour votre retour. Nous comprenons votre frustration et souhaitons y remédier. Notre équipe est disponible pour vous aider.;6;87
Wow, merci pour ce commentaire qui nous fait chaud au cœur ! On est ravis que le produit vous plaise autant. 😊;6;88
Nous sommes navrés de ce malentendu. Nous travaillons à rendre nos descriptions plus précises. Merci de nous avoir signalé ce point.;6;89
Merci infiniment ! Votre retour nous motive à continuer sur cette lancée. À bientôt ! 🌟;6;90
Nous sommes navrés de ce malentendu. Nous travaillons à rendre nos descriptions plus précises. Merci de nous avoir signalé ce point.;6;91
Merci pour votre retour. Nous allons revoir la description de ce produit afin qu'elle reflète mieux la réalité. Votre satisfaction est notre priorité.;6;92
Nous prenons note de votre remarque et allons améliorer la fiche produit. Si vous souhaitez un échange ou un remboursement, notre service client est à votre disposition.;6;93
Votre chat a très bon goût ! Merci pour ce retour délicieux qui nous a beaucoup fait sourire. 😄🐱;9;94
Merci infiniment ! Votre retour nous motive à continuer sur cette lancée. À bientôt ! 🌟;9;95
C'est un vrai bonheur de lire votre avis ! Merci pour votre confiance et votre enthousiasme.;9;96
Merci pour votre retour constructif. Nous travaillons continuellement à améliorer nos produits et tiendrons compte de votre remarque.;6;97
Nous sommes désolés que le produit ne vous ait pas satisfait. Pourriez-vous nous préciser ce qui vous a déçu ? Nous ferons le nécessaire.;6;98
Votre satisfaction est notre priorité. Nous sommes désolés que le produit n'ait pas répondu à vos attentes et restons à votre disposition.;6;99
Nous sommes désolés que le produit ne corresponde pas tout à fait à vos attentes. N'hésitez pas à nous contacter pour que nous puissions trouver une solution ensemble.;1;100
Merci beaucoup pour ce retour enthousiaste ! C'est exactement ce que nous visons : vous rendre totalement satisfait. À bientôt !;1;101
Votre retour nous comble de bonheur ! Merci de partager votre expérience, c'est très précieux pour nous.;1;102
C'est exactement notre objectif : un excellent rapport qualité-prix. Merci de le confirmer ! Nous vous souhaitons de bonnes découvertes.;15;103
Votre commentaire nous a fait sourire toute la journée. Merci ! N'hésitez pas à revenir nous voir. 🎉;15;104
On adore votre retour ! Dites à votre chat que nous sommes flattés. Merci à vous deux ! 😊;15;105
Nous sommes sincèrement désolés de votre déception. N'hésitez pas à nous contacter afin que nous puissions vous proposer une solution adaptée.;15;106
La prochaine fois, on vous fait une réduction sur le lot de dix ! Merci pour ce retour adorable. 🎉;15;107
Votre retour nous comble de bonheur ! Merci de partager votre expérience, c'est très précieux pour nous.;15;108
Merci pour ce beau retour ! Nous mettons tout en œuvre pour offrir le meilleur rapport qualité-prix possible. À bientôt !;15;109
Merci pour ce retour positif ! Nous sommes ravis que la qualité soit au rendez-vous. À très bientôt !;15;110
Merci beaucoup pour ce retour enthousiaste ! C'est exactement ce que nous visons : vous rendre totalement satisfait. À bientôt !;15;111
Peu importe ce que c'est, l'important c'est que ça vous plaise ! Merci pour votre avis très sympathique. 😊;12;112
Haha, on vous en aurait vendu dix avec plaisir ! Merci pour ce retour enthousiaste et votre bonne humeur. 😄;12;113
Peu importe ce que c'est, l'important c'est que ça vous plaise ! Merci pour votre avis très sympathique. 😊;12;114
Votre commentaire nous a fait sourire toute la journée. Merci ! N'hésitez pas à revenir nous voir. 🎉;19;115
Nous sommes ravis que ce produit soit devenu un incontournable pour vous ! Votre fidélité nous touche vraiment. 😊;19;116
C'est un plaisir de lire votre avis. Nous nous efforçons de maintenir cette qualité. Merci pour votre confiance !;19;117
Nous prenons votre retour très au sérieux et nous excusons pour cette expérience décevante. Nous sommes là pour arranger les choses.;19;118
Nous sommes ravis d'avoir pu vous satisfaire ! Merci beaucoup pour votre message, il fait vraiment plaisir à toute l'équipe. 😊;19;119
Nous sommes ravis d'avoir pu vous satisfaire ! Merci beaucoup pour votre message, il fait vraiment plaisir à toute l'équipe. 😊;19;120
Nous sommes ravis d'avoir pu vous satisfaire ! Merci beaucoup pour votre message, il fait vraiment plaisir à toute l'équipe. 😊;19;121
C'est un vrai bonheur de lire votre avis ! Merci pour votre confiance et votre enthousiasme.;19;122
Merci infiniment ! Votre retour nous motive à continuer sur cette lancée. À bientôt ! 🌟;19;123
Votre message nous a beaucoup amusés ! Merci pour votre enthousiasme, c'est très motivant pour nous.;19;124
Merci pour ce retour positif ! Nous sommes ravis que la qualité soit au rendez-vous. À très bientôt !;19;125
Un client satisfait et un chat conquis, c'est la meilleure des critiques ! Merci pour votre humour. 😄;19;126
Nous sommes sincèrement désolés de votre déception. N'hésitez pas à nous contacter afin que nous puissions vous proposer une solution adaptée.;19;127
Nous sommes navrés. Si vous le souhaitez, contactez-nous et nous ferons tout notre possible pour rectifier la situation.;19;128
Nous prenons note de votre remarque et allons améliorer la fiche produit. Si vous souhaitez un échange ou un remboursement, notre service client est à votre disposition.;19;129
Merci beaucoup pour ce retour enthousiaste ! C'est exactement ce que nous visons : vous rendre totalement satisfait. À bientôt !;1;130
Merci pour votre honnêteté. Nous nous engageons à améliorer la qualité de ce produit. Votre feedback est précieux.;1;131
On est officiellement en train de fonder ce fan-club avec vous ! Merci pour votre soutien, ça compte énormément.;1;132
Nous prenons note de votre remarque et allons améliorer la fiche produit. Si vous souhaitez un échange ou un remboursement, notre service client est à votre disposition.;10;133
Haha, on a hâte d'accueillir votre chat comme client ! Merci pour ce message qui égaye notre journée. 🐾;10;134
Votre satisfaction est notre priorité. Nous sommes désolés que le produit n'ait pas répondu à vos attentes et restons à votre disposition.;10;135
On apprécie votre humour ! Merci pour ce retour qui nous a fait sourire. Revenez quand vous voulez !;10;136
Haha, on a hâte d'accueillir votre chat comme client ! Merci pour ce message qui égaye notre journée. 🐾;10;137
Un client satisfait et un chat conquis, c'est la meilleure des critiques ! Merci pour votre humour. 😄;10;138
Nous sommes ravis que ce produit soit devenu un incontournable pour vous ! Votre fidélité nous touche vraiment. 😊;10;139
Nous sommes désolés que le produit ne corresponde pas tout à fait à vos attentes. N'hésitez pas à nous contacter pour que nous puissions trouver une solution ensemble.;10;140
Nous prenons note de votre avis. Votre retour nous aide à identifier les axes d'amélioration. N'hésitez pas à nous contacter.;10;141
Quel plaisir de lire votre avis ! Merci pour votre confiance, nous espérons vous retrouver très prochainement.;10;142
Un client satisfait et un chat conquis, c'est la meilleure des critiques ! Merci pour votre humour. 😄;10;143
On apprécie votre humour ! Merci pour ce retour qui nous a fait sourire. Revenez quand vous voulez !;10;144
Merci infiniment ! Votre retour nous motive à continuer sur cette lancée. À bientôt ! 🌟;10;145
C'est un plaisir de lire votre avis. Nous nous efforçons de maintenir cette qualité. Merci pour votre confiance !;10;146
Haha, on adore votre enthousiasme ! Merci pour ce retour fantastique, c'est très motivant pour toute notre équipe.;10;147
Nous sommes ravis d'avoir pu vous satisfaire ! Merci beaucoup pour votre message, il fait vraiment plaisir à toute l'équipe. 😊;3;148
On est officiellement en train de fonder ce fan-club avec vous ! Merci pour votre soutien, ça compte énormément.;3;149
Peu importe ce que c'est, l'important c'est que ça vous plaise ! Merci pour votre avis très sympathique. 😊;3;150
Nous sommes ravis d'avoir pu vous satisfaire ! Merci beaucoup pour votre message, il fait vraiment plaisir à toute l'équipe. 😊;16;151
On est officiellement en train de fonder ce fan-club avec vous ! Merci pour votre soutien, ça compte énormément.;16;152
Nous prenons note de votre avis. Votre retour nous aide à identifier les axes d'amélioration. N'hésitez pas à nous contacter.;16;153
On adore votre retour ! Dites à votre chat que nous sommes flattés. Merci à vous deux ! 😊;16;154
Merci pour votre honnêteté. Nous nous engageons à améliorer la qualité de ce produit. Votre feedback est précieux.;16;155
Nous prenons note de votre avis. Votre retour nous aide à identifier les axes d'amélioration. N'hésitez pas à nous contacter.;16;156
Nous prenons note de votre avis. Votre retour nous aide à identifier les axes d'amélioration. N'hésitez pas à nous contacter.;16;157
Nous prenons note de votre remarque et allons améliorer la fiche produit. Si vous souhaitez un échange ou un remboursement, notre service client est à votre disposition.;16;158
Votre satisfaction est notre priorité. Nous sommes désolés que le produit n'ait pas répondu à vos attentes et restons à votre disposition.;16;159
On apprécie votre humour ! Merci pour ce retour qui nous a fait sourire. Revenez quand vous voulez !;16;160
Votre retour nous comble de bonheur ! Merci de partager votre expérience, c'est très précieux pour nous.;16;161
Nous sommes désolés que le produit ne vous ait pas satisfait. Pourriez-vous nous préciser ce qui vous a déçu ? Nous ferons le nécessaire.;16;162
C'est grâce à des retours comme le vôtre que nous continuons à améliorer nos produits. Merci et à très vite !;16;163
Votre retour nous comble de bonheur ! Merci de partager votre expérience, c'est très précieux pour nous.;16;164
Ravi que vous soyez satisfait ! Votre avis nous encourage à maintenir ce niveau d'exigence. Merci !;16;165
Votre recommandation nous touche beaucoup. Merci et bienvenue de nouveau sur notre boutique quand vous le souhaitez !;16;166
Votre chat a très bon goût ! Merci pour ce retour délicieux qui nous a beaucoup fait sourire. 😄🐱;16;167
Merci pour ce retour enthousiaste ! Nous sommes vraiment heureux que le produit dépasse vos attentes. À bientôt ! 🌟;16;168
Merci pour votre retour constructif. Nous travaillons continuellement à améliorer nos produits et tiendrons compte de votre remarque.;16;169
Votre satisfaction est notre priorité. Nous sommes désolés que le produit n'ait pas répondu à vos attentes et restons à votre disposition.;16;170
C'est un vrai bonheur de lire votre avis ! Merci pour votre confiance et votre enthousiasme.;16;171
Nous sommes ravis que ce produit soit devenu un incontournable pour vous ! Votre fidélité nous touche vraiment. 😊;16;172
Quel plaisir de lire votre avis ! Merci pour votre confiance, nous espérons vous retrouver très prochainement.;16;173
La prochaine fois, on vous fait une réduction sur le lot de dix ! Merci pour ce retour adorable. 🎉;16;174
Nous sommes ravis d'avoir pu vous satisfaire ! Merci beaucoup pour votre message, il fait vraiment plaisir à toute l'équipe. 😊;16;175
Merci pour ce retour enthousiaste ! Nous sommes vraiment heureux que le produit dépasse vos attentes. À bientôt ! 🌟;16;176
Merci beaucoup pour ce retour enthousiaste ! C'est exactement ce que nous visons : vous rendre totalement satisfait. À bientôt !;16;177
Merci pour votre retour. Nous comprenons votre frustration et souhaitons y remédier. Notre équipe est disponible pour vous aider.;16;178
C'est exactement notre objectif : un excellent rapport qualité-prix. Merci de le confirmer ! Nous vous souhaitons de bonnes découvertes.;16;179
Merci pour ce beau retour ! Nous mettons tout en œuvre pour offrir le meilleur rapport qualité-prix possible. À bientôt !;16;180
Nous sommes désolés que le produit ne corresponde pas tout à fait à vos attentes. N'hésitez pas à nous contacter pour que nous puissions trouver une solution ensemble.;16;181
Votre message nous a beaucoup amusés ! Merci pour votre enthousiasme, c'est très motivant pour nous.;16;182
Nous prenons note de votre remarque et allons améliorer la fiche produit. Si vous souhaitez un échange ou un remboursement, notre service client est à votre disposition.;16;183
Votre chat a très bon goût ! Merci pour ce retour délicieux qui nous a beaucoup fait sourire. 😄🐱;16;184
Merci pour votre honnêteté. Nous nous engageons à améliorer la qualité de ce produit. Votre feedback est précieux.;16;185
Quel plaisir de lire votre avis ! Merci pour votre confiance, nous espérons vous retrouver très prochainement.;16;186
Nous sommes désolés que le produit ne corresponde pas tout à fait à vos attentes. N'hésitez pas à nous contacter pour que nous puissions trouver une solution ensemble.;16;187
Nous sommes ravis d'avoir pu vous satisfaire ! Merci beaucoup pour votre message, il fait vraiment plaisir à toute l'équipe. 😊;16;188
Nous sommes navrés. Si vous le souhaitez, contactez-nous et nous ferons tout notre possible pour rectifier la situation.;16;189
On est officiellement en train de fonder ce fan-club avec vous ! Merci pour votre soutien, ça compte énormément.;16;190
Un client satisfait et un chat conquis, c'est la meilleure des critiques ! Merci pour votre humour. 😄;16;191
Nous prenons note de votre avis. Votre retour nous aide à identifier les axes d'amélioration. N'hésitez pas à nous contacter.;16;192
C'est un vrai bonheur de lire votre avis ! Merci pour votre confiance et votre enthousiasme.;16;193
On est officiellement en train de fonder ce fan-club avec vous ! Merci pour votre soutien, ça compte énormément.;16;194
Nous sommes ravis que ce produit soit devenu un incontournable pour vous ! Votre fidélité nous touche vraiment. 😊;16;195
Merci infiniment ! Votre retour nous motive à continuer sur cette lancée. À bientôt ! 🌟;16;196
Votre recommandation nous touche beaucoup. Merci et bienvenue de nouveau sur notre boutique quand vous le souhaitez !;16;197
Nous prenons votre retour très au sérieux et nous excusons pour cette expérience décevante. Nous sommes là pour arranger les choses.;16;198
Merci pour ce retour enthousiaste ! Nous sommes vraiment heureux que le produit dépasse vos attentes. À bientôt ! 🌟;16;199
Ravi que vous soyez satisfait ! Votre avis nous encourage à maintenir ce niveau d'exigence. Merci !;16;200
Merci pour votre retour constructif. Nous travaillons continuellement à améliorer nos produits et tiendrons compte de votre remarque.;16;201
On apprécie votre humour ! Merci pour ce retour qui nous a fait sourire. Revenez quand vous voulez !;3;202
Haha, on a hâte d'accueillir votre chat comme client ! Merci pour ce message qui égaye notre journée. 🐾;3;203
On adore votre retour ! Dites à votre chat que nous sommes flattés. Merci à vous deux ! 😊;3;204
Merci pour ce retour enthousiaste ! Nous sommes vraiment heureux que le produit dépasse vos attentes. À bientôt ! 🌟;3;205
Nous prenons votre retour très au sérieux et nous excusons pour cette expérience décevante. Nous sommes là pour arranger les choses.;3;206
Haha, on vous en aurait vendu dix avec plaisir ! Merci pour ce retour enthousiaste et votre bonne humeur. 😄;3;207
Nous sommes navrés de ce malentendu. Nous travaillons à rendre nos descriptions plus précises. Merci de nous avoir signalé ce point.;3;208
Haha, on adore votre enthousiasme ! Merci pour ce retour fantastique, c'est très motivant pour toute notre équipe.;3;209
Merci pour votre retour. Nous allons revoir la description de ce produit afin qu'elle reflète mieux la réalité. Votre satisfaction est notre priorité.;3;210
Nous sommes désolés que le produit ne corresponde pas tout à fait à vos attentes. N'hésitez pas à nous contacter pour que nous puissions trouver une solution ensemble.;3;211
Haha, on adore votre mystère ! Tant que vous l'aimez, c'est l'essentiel. Merci pour ce retour original. 😄;3;212
Nous prenons votre retour très au sérieux et nous excusons pour cette expérience décevante. Nous sommes là pour arranger les choses.;3;213
On adore votre retour ! Dites à votre chat que nous sommes flattés. Merci à vous deux ! 😊;3;214
Haha, on vous en aurait vendu dix avec plaisir ! Merci pour ce retour enthousiaste et votre bonne humeur. 😄;3;215
Quel plaisir de lire votre avis ! Merci pour votre confiance, nous espérons vous retrouver très prochainement.;3;216
Votre chat a très bon goût ! Merci pour ce retour délicieux qui nous a beaucoup fait sourire. 😄🐱;3;217
Haha, on adore votre mystère ! Tant que vous l'aimez, c'est l'essentiel. Merci pour ce retour original. 😄;3;218
Nous sommes désolés que le produit ne vous ait pas satisfait. Pourriez-vous nous préciser ce qui vous a déçu ? Nous ferons le nécessaire.;3;219
Nous prenons note de votre avis. Votre retour nous aide à identifier les axes d'amélioration. N'hésitez pas à nous contacter.;3;220
Nous prenons votre remarque en compte et nous excusons pour cet écart avec vos attentes. Contactez-nous, nous ferons mieux.;3;221
Nous sommes sincèrement désolés de votre déception. N'hésitez pas à nous contacter afin que nous puissions vous proposer une solution adaptée.;3;222
Nous sommes navrés de ce malentendu. Nous travaillons à rendre nos descriptions plus précises. Merci de nous avoir signalé ce point.;3;223
On apprécie votre humour ! Merci pour ce retour qui nous a fait sourire. Revenez quand vous voulez !;3;224
C'est un plaisir de lire votre avis. Nous nous efforçons de maintenir cette qualité. Merci pour votre confiance !;3;225
Nous comprenons votre ressenti et allons transmettre votre remarque à notre équipe qualité. Merci de nous faire confiance.;3;226
Merci pour votre retour. Nous allons revoir la description de ce produit afin qu'elle reflète mieux la réalité. Votre satisfaction est notre priorité.;3;227
Votre retour nous comble de bonheur ! Merci de partager votre expérience, c'est très précieux pour nous.;3;228
Votre satisfaction est notre plus belle récompense. Merci pour ce retour positif et à très bientôt sur notre boutique !;3;229
Merci pour votre honnêteté. Nous nous engageons à améliorer la qualité de ce produit. Votre feedback est précieux.;3;230
Votre message nous a beaucoup amusés ! Merci pour votre enthousiasme, c'est très motivant pour nous.;3;231
Nous prenons note de votre remarque et allons améliorer la fiche produit. Si vous souhaitez un échange ou un remboursement, notre service client est à votre disposition.;3;232
Nous prenons votre retour très au sérieux et nous excusons pour cette expérience décevante. Nous sommes là pour arranger les choses.;3;233
Merci pour votre retour. Nous allons revoir la description de ce produit afin qu'elle reflète mieux la réalité. Votre satisfaction est notre priorité.;3;234
Nous sommes ravis d'avoir pu vous satisfaire ! Merci beaucoup pour votre message, il fait vraiment plaisir à toute l'équipe. 😊;3;235
Merci beaucoup pour ce retour enthousiaste ! C'est exactement ce que nous visons : vous rendre totalement satisfait. À bientôt !;3;236
Peu importe ce que c'est, l'important c'est que ça vous plaise ! Merci pour votre avis très sympathique. 😊;3;237
On vous encourage vraiment à revenir ! Merci pour ce commentaire qui nous fait sourire. Notre stock vous attend. 😊;3;238
Ravi que vous soyez satisfait ! Votre avis nous encourage à maintenir ce niveau d'exigence. Merci !;3;239
Haha, on a hâte d'accueillir votre chat comme client ! Merci pour ce message qui égaye notre journée. 🐾;3;240
C'est grâce à des retours comme le vôtre que nous continuons à améliorer nos produits. Merci et à très vite !;8;241
Merci pour ce retour positif ! Nous sommes ravis que la qualité soit au rendez-vous. À très bientôt !;8;242
C'est grâce à des retours comme le vôtre que nous continuons à améliorer nos produits. Merci et à très vite !;8;243
Nous sommes sincèrement désolés de votre déception. N'hésitez pas à nous contacter afin que nous puissions vous proposer une solution adaptée.;8;244
C'est un plaisir de lire votre avis. Nous nous efforçons de maintenir cette qualité. Merci pour votre confiance !;8;245
Peu importe ce que c'est, l'important c'est que ça vous plaise ! Merci pour votre avis très sympathique. 😊;8;246
On est officiellement en train de fonder ce fan-club avec vous ! Merci pour votre soutien, ça compte énormément.;7;247
Nous prenons note de votre avis. Votre retour nous aide à identifier les axes d'amélioration. N'hésitez pas à nous contacter.;7;248
On apprécie votre humour ! Merci pour ce retour qui nous a fait sourire. Revenez quand vous voulez !;7;249
Haha, on adore votre enthousiasme ! Merci pour ce retour fantastique, c'est très motivant pour toute notre équipe.;7;250
C'est exactement notre objectif : un excellent rapport qualité-prix. Merci de le confirmer ! Nous vous souhaitons de bonnes découvertes.;7;251
Votre retour nous comble de bonheur ! Merci de partager votre expérience, c'est très précieux pour nous.;7;252
Votre chat a très bon goût ! Merci pour ce retour délicieux qui nous a beaucoup fait sourire. 😄🐱;7;253
Votre recommandation nous touche beaucoup. Merci et bienvenue de nouveau sur notre boutique quand vous le souhaitez !;7;254
Nous sommes désolés que le produit ne vous ait pas satisfait. Pourriez-vous nous préciser ce qui vous a déçu ? Nous ferons le nécessaire.;7;255
Nous sommes désolés que le produit ne corresponde pas tout à fait à vos attentes. N'hésitez pas à nous contacter pour que nous puissions trouver une solution ensemble.;7;256
Nous prenons votre remarque en compte et nous excusons pour cet écart avec vos attentes. Contactez-nous, nous ferons mieux.;7;257
Nous sommes navrés de ce malentendu. Nous travaillons à rendre nos descriptions plus précises. Merci de nous avoir signalé ce point.;7;258
Ravi que vous soyez satisfait ! Votre avis nous encourage à maintenir ce niveau d'exigence. Merci !;7;259
Nous prenons votre retour très au sérieux et nous excusons pour cette expérience décevante. Nous sommes là pour arranger les choses.;7;260
Votre avis nous a bien fait rire ! L'essentiel étant votre satisfaction, nous sommes ravis. À bientôt !;7;261
Votre satisfaction est notre plus belle récompense. Merci pour ce retour positif et à très bientôt sur notre boutique !;7;262
Merci infiniment ! Votre retour nous motive à continuer sur cette lancée. À bientôt ! 🌟;7;263
Nous prenons votre remarque en compte et nous excusons pour cet écart avec vos attentes. Contactez-nous, nous ferons mieux.;7;264
Merci pour votre honnêteté. Votre avis nous aide à progresser. N'hésitez pas à contacter notre service client si vous souhaitez un retour.;3;265
Nous sommes sincèrement désolés de votre déception. N'hésitez pas à nous contacter afin que nous puissions vous proposer une solution adaptée.;3;266
Votre avis nous a bien fait rire ! L'essentiel étant votre satisfaction, nous sommes ravis. À bientôt !;3;267
Nous prenons note de votre remarque et allons améliorer la fiche produit. Si vous souhaitez un échange ou un remboursement, notre service client est à votre disposition.;3;268
Nous sommes navrés. Si vous le souhaitez, contactez-nous et nous ferons tout notre possible pour rectifier la situation.;3;269
Merci pour ce retour enthousiaste ! Nous sommes vraiment heureux que le produit dépasse vos attentes. À bientôt ! 🌟;3;270
Nous prenons votre remarque en compte et nous excusons pour cet écart avec vos attentes. Contactez-nous, nous ferons mieux.;3;271
Ravi que vous soyez satisfait ! Votre avis nous encourage à maintenir ce niveau d'exigence. Merci !;3;272
Votre satisfaction est notre priorité. Nous sommes désolés que le produit n'ait pas répondu à vos attentes et restons à votre disposition.;3;273
Votre satisfaction est notre priorité. Nous sommes désolés que le produit n'ait pas répondu à vos attentes et restons à votre disposition.;3;274
Quel plaisir de lire votre avis ! Merci pour votre confiance, nous espérons vous retrouver très prochainement.;3;275
C'est un vrai bonheur de lire votre avis ! Merci pour votre confiance et votre enthousiasme.;3;276
Merci pour ce retour enthousiaste ! Nous sommes vraiment heureux que le produit dépasse vos attentes. À bientôt ! 🌟;8;277
Haha, on vous en aurait vendu dix avec plaisir ! Merci pour ce retour enthousiaste et votre bonne humeur. 😄;8;278
Merci pour votre honnêteté. Votre avis nous aide à progresser. N'hésitez pas à contacter notre service client si vous souhaitez un retour.;8;279
Votre recommandation nous touche beaucoup. Merci et bienvenue de nouveau sur notre boutique quand vous le souhaitez !;8;280
Nous prenons votre retour très au sérieux et nous excusons pour cette expérience décevante. Nous sommes là pour arranger les choses.;8;281
Nous sommes navrés de ce malentendu. Nous travaillons à rendre nos descriptions plus précises. Merci de nous avoir signalé ce point.;8;282
C'est un vrai bonheur de lire votre avis ! Merci pour votre confiance et votre enthousiasme.;8;283
Haha, on a hâte d'accueillir votre chat comme client ! Merci pour ce message qui égaye notre journée. 🐾;8;284
Votre recommandation nous touche beaucoup. Merci et bienvenue de nouveau sur notre boutique quand vous le souhaitez !;8;285
Votre recommandation nous touche beaucoup. Merci et bienvenue de nouveau sur notre boutique quand vous le souhaitez !;8;286
Wow, merci pour ce commentaire qui nous fait chaud au cœur ! On est ravis que le produit vous plaise autant. 😊;8;287
La prochaine fois, on vous fait une réduction sur le lot de dix ! Merci pour ce retour adorable. 🎉;8;288
On adore votre retour ! Dites à votre chat que nous sommes flattés. Merci à vous deux ! 😊;8;289
La prochaine fois, on vous fait une réduction sur le lot de dix ! Merci pour ce retour adorable. 🎉;8;290
Nous sommes navrés. Si vous le souhaitez, contactez-nous et nous ferons tout notre possible pour rectifier la situation.;8;291
La prochaine fois, on vous fait une réduction sur le lot de dix ! Merci pour ce retour adorable. 🎉;3;292
Nous prenons votre retour très au sérieux et nous excusons pour cette expérience décevante. Nous sommes là pour arranger les choses.;3;293
Quel plaisir de lire votre avis ! Merci pour votre confiance, nous espérons vous retrouver très prochainement.;3;294
Votre recommandation nous touche beaucoup. Merci et bienvenue de nouveau sur notre boutique quand vous le souhaitez !;3;295
Votre recommandation nous touche beaucoup. Merci et bienvenue de nouveau sur notre boutique quand vous le souhaitez !;3;296
Merci pour ce retour enthousiaste ! Nous sommes vraiment heureux que le produit dépasse vos attentes. À bientôt ! 🌟;3;297
Merci pour votre honnêteté. Nous nous engageons à améliorer la qualité de ce produit. Votre feedback est précieux.;7;298
Haha, on adore votre mystère ! Tant que vous l'aimez, c'est l'essentiel. Merci pour ce retour original. 😄;7;299
C'est exactement notre objectif : un excellent rapport qualité-prix. Merci de le confirmer ! Nous vous souhaitons de bonnes découvertes.;7;300
Merci pour ce beau retour ! Nous mettons tout en œuvre pour offrir le meilleur rapport qualité-prix possible. À bientôt !;7;301
Peu importe ce que c'est, l'important c'est que ça vous plaise ! Merci pour votre avis très sympathique. 😊;7;302
On vous encourage vraiment à revenir ! Merci pour ce commentaire qui nous fait sourire. Notre stock vous attend. 😊;7;303
On adore votre retour ! Dites à votre chat que nous sommes flattés. Merci à vous deux ! 😊;7;304
C'est un plaisir de lire votre avis. Nous nous efforçons de maintenir cette qualité. Merci pour votre confiance !;7;305
Haha, on vous en aurait vendu dix avec plaisir ! Merci pour ce retour enthousiaste et votre bonne humeur. 😄;7;306
C'est un vrai bonheur de lire votre avis ! Merci pour votre confiance et votre enthousiasme.;7;307
Nous sommes navrés. Si vous le souhaitez, contactez-nous et nous ferons tout notre possible pour rectifier la situation.;7;308
On est officiellement en train de fonder ce fan-club avec vous ! Merci pour votre soutien, ça compte énormément.;7;309
Votre satisfaction est notre plus belle récompense. Merci pour ce retour positif et à très bientôt sur notre boutique !;3;310
Merci pour votre retour constructif. Nous travaillons continuellement à améliorer nos produits et tiendrons compte de votre remarque.;3;311
Merci beaucoup pour ce retour enthousiaste ! C'est exactement ce que nous visons : vous rendre totalement satisfait. À bientôt !;3;312
Un client satisfait et un chat conquis, c'est la meilleure des critiques ! Merci pour votre humour. 😄;7;313
Votre satisfaction est notre priorité. Nous sommes désolés que le produit n'ait pas répondu à vos attentes et restons à votre disposition.;7;314
C'est grâce à des retours comme le vôtre que nous continuons à améliorer nos produits. Merci et à très vite !;7;315
Votre satisfaction est notre priorité. Nous sommes désolés que le produit n'ait pas répondu à vos attentes et restons à votre disposition.;7;316
Nous prenons votre remarque en compte et nous excusons pour cet écart avec vos attentes. Contactez-nous, nous ferons mieux.;7;317
Nous prenons note de votre avis. Votre retour nous aide à identifier les axes d'amélioration. N'hésitez pas à nous contacter.;7;318
Nous comprenons votre ressenti et allons transmettre votre remarque à notre équipe qualité. Merci de nous faire confiance.;7;319
C'est grâce à des retours comme le vôtre que nous continuons à améliorer nos produits. Merci et à très vite !;7;320
Votre avis nous a bien fait rire ! L'essentiel étant votre satisfaction, nous sommes ravis. À bientôt !;7;321
Merci pour ce beau retour ! Nous mettons tout en œuvre pour offrir le meilleur rapport qualité-prix possible. À bientôt !;3;322
C'est grâce à des retours comme le vôtre que nous continuons à améliorer nos produits. Merci et à très vite !;3;323
C'est un vrai bonheur de lire votre avis ! Merci pour votre confiance et votre enthousiasme.;3;324
Nous prenons votre retour très au sérieux et nous excusons pour cette expérience décevante. Nous sommes là pour arranger les choses.;18;325
Nous sommes désolés que le produit ne corresponde pas tout à fait à vos attentes. N'hésitez pas à nous contacter pour que nous puissions trouver une solution ensemble.;18;326
Haha, on adore votre mystère ! Tant que vous l'aimez, c'est l'essentiel. Merci pour ce retour original. 😄;18;327
Merci pour votre retour. Nous comprenons votre frustration et souhaitons y remédier. Notre équipe est disponible pour vous aider.;18;328
Nous sommes ravis que ce produit soit devenu un incontournable pour vous ! Votre fidélité nous touche vraiment. 😊;18;329
Merci pour ce retour enthousiaste ! Nous sommes vraiment heureux que le produit dépasse vos attentes. À bientôt ! 🌟;18;330
Nous prenons votre retour très au sérieux et nous excusons pour cette expérience décevante. Nous sommes là pour arranger les choses.;18;331
C'est grâce à des retours comme le vôtre que nous continuons à améliorer nos produits. Merci et à très vite !;18;332
Nous sommes sincèrement désolés de votre déception. N'hésitez pas à nous contacter afin que nous puissions vous proposer une solution adaptée.;18;333
Nous comprenons votre ressenti et allons transmettre votre remarque à notre équipe qualité. Merci de nous faire confiance.;18;334
Nous sommes désolés que le produit ne vous ait pas satisfait. Pourriez-vous nous préciser ce qui vous a déçu ? Nous ferons le nécessaire.;18;335
Nous sommes navrés. Si vous le souhaitez, contactez-nous et nous ferons tout notre possible pour rectifier la situation.;18;336
Votre commentaire nous a fait sourire toute la journée. Merci ! N'hésitez pas à revenir nous voir. 🎉;18;337
Votre retour nous comble de bonheur ! Merci de partager votre expérience, c'est très précieux pour nous.;18;338
Haha, on vous en aurait vendu dix avec plaisir ! Merci pour ce retour enthousiaste et votre bonne humeur. 😄;18;339
Nous comprenons votre ressenti et allons transmettre votre remarque à notre équipe qualité. Merci de nous faire confiance.;18;340
Merci pour votre retour. Nous allons revoir la description de ce produit afin qu'elle reflète mieux la réalité. Votre satisfaction est notre priorité.;18;341
Nous sommes ravis que ce produit soit devenu un incontournable pour vous ! Votre fidélité nous touche vraiment. 😊;18;342
